{
  "fpcStiffeners": [
    {
      "id": "e47",
      "gerber": "Gerber_BottomStiffenerLayer_pib_0.2.GBSL",
      "layer": "bottom",
      "material": "pi",
      "thickness": "0.2",
      "path": [
        [
          [
            "R",
            4835,
            1550,
            150,
            335,
            0,
            0
          ]
        ]
      ]
    },
    {
      "id": "e48",
      "gerber": "Gerber_BottomStiffenerLayer_pib_0.2.GBSL",
      "layer": "bottom",
      "material": "pi",
      "thickness": "0.2",
      "path": [
        [
          [
            "R",
            4430,
            1520,
            180,
            265,
            0,
            0
          ]
        ]
      ]
    },
    {
      "id": "e55",
      "gerber": "Gerber_BottomStiffenerLayer_pib_0.2.GBSL",
      "layer": "bottom",
      "material": "pi",
      "thickness": "0.2",
      "path": [
        [
          [
            "R",
            3010,
            1555,
            260,
            335,
            0,
            0
          ]
        ]
      ]
    },
    {
      "id": "e76",
      "gerber": "Gerber_BottomStiffenerLayer_pib_0.2.GBSL",
      "layer": "bottom",
      "material": "pi",
      "thickness": "0.2",
      "path": [
        [
          [
            "R",
            3495,
            1530,
            90,
            320,
            0,
            0
          ]
        ]
      ]
    },
    {
      "id": "e7551",
      "gerber": "Gerber_BottomStiffenerLayer_pib_0.2.GBSL",
      "layer": "bottom",
      "material": "pi",
      "thickness": "0.2",
      "path": [
        [
          [
            "R",
            4105,
            1525,
            135,
            320,
            0,
            0
          ]
        ]
      ]
    },
    {
      "id": "e7591",
      "gerber": "Gerber_BottomStiffenerLayer_pib_0.2.GBSL",
      "layer": "bottom",
      "material": "pi",
      "thickness": "0.2",
      "path": [
        [
          [
            "R",
            3759.1943,
            1529.854,
            195.2546,
            319.7122,
            0,
            0
          ]
        ]
      ]
    },
    {
      "id": "e16230",
      "gerber": "Gerber_BottomStiffenerLayer_pib_0.2.GBSL",
      "layer": "bottom",
      "material": "pi",
      "thickness": "0.2",
      "path": [
        [
          [
            "R",
            4240,
            1368.2329,
            20,
            83.2329,
            0,
            0
          ]
        ]
      ]
    },
    {
      "id": "e16558",
      "gerber": "Gerber_BottomStiffenerLayer_pib_0.2.GBSL",
      "layer": "bottom",
      "material": "pi",
      "thickness": "0.2",
      "path": [
        [
          [
            "R",
            4240,
            1441.4986,
            20,
            43.2329,
            0,
            0
          ]
        ]
      ]
    },
    {
      "id": "e14886",
      "gerber": "Gerber_BottomStiffenerLayer_pib_0.2.GBSL",
      "layer": "bottom",
      "material": "pi",
      "thickness": "0.2",
      "path": [
        [
          [
            "CIRCLE",
            4100,
            1360,
            15
          ]
        ]
      ]
    },
    {
      "id": "e14887",
      "gerber": "Gerber_BottomStiffenerLayer_pib_0.2.GBSL",
      "layer": "bottom",
      "material": "pi",
      "thickness": "0.2",
      "path": [
        [
          [
            "CIRCLE",
            4110,
            1330,
            10.2357
          ]
        ]
      ]
    },
    {
      "id": "e14896",
      "gerber": "Gerber_BottomStiffenerLayer_pib_0.2.GBSL",
      "layer": "bottom",
      "material": "pi",
      "thickness": "0.2",
      "path": [
        [
          [
            "CIRCLE",
            3460,
            1330,
            14.1421
          ]
        ]
      ]
    },
    {
      "id": "e7538",
      "gerber": "Gerber_BottomStiffenerLayer_pib_0.2.GBSL",
      "layer": "bottom",
      "material": "pi",
      "thickness": "0.2",
      "path": [
        [
          [
            5140.0679,
            1511.247,
            "L",
            5140,
            1510.2666,
            5140,
            1225,
            5155,
            1210,
            5405,
            1210,
            5405,
            1545,
            5181.0745,
            1545,
            5140.0679,
            1511.247
          ]
        ]
      ]
    },
    {
      "id": "e7539",
      "gerber": "Gerber_TopStiffenerLayer_pit_0.2.GTSL",
      "layer": "top",
      "material": "pi",
      "thickness": "0.2",
      "path": [
        [
          [
            5564.4707,
            1425.5293,
            "L",
            5565,
            1425.2325,
            5565,
            1425,
            5564.4707,
            1425.5293
          ]
        ]
      ]
    }
  ]
}